wall_time,processing_time,seg_vec_size,nblines
1.968e+06,272000,1,10
2.312e+06,343999,2,9
2.632e+06,320000,4,10
2.992e+06,360000,4,10
3.432e+06,439999,4,10
3.8e+06,368000,4,10
4.24e+06,440000,4,10
4.648e+06,407999,4,10
5.072e+06,424000,4,10
5.472e+06,400000,4,10
5.904e+06,431999,4,10
6.328e+06,424000,4,10
6.792e+06,463999,4,10
7.224e+06,432000,4,10
7.64e+06,416000,4,10
8.08e+06,440000,4,10
8.544e+06,464000,4,10
9.024e+06,480000,4,10
9.52e+06,495999,4,10
1.0016e+07,496000,4,10
1.0528e+07,512000,4,10
1.1048e+07,520000,4,10
1.1552e+07,503999,4,10
1.212e+07,568000,4,10
1.264e+07,520000,5,10
1.2816e+07,176000,6,4
1.3e+07,160000,6,4
1.3288e+07,240000,7,5
1.3472e+07,183999,7,5
1.3664e+07,192000,7,4
1.388e+07,200000,7,4
1.408e+07,192000,8,4
1.4272e+07,176000,8,4
1.4464e+07,168000,8,4
1.4704e+07,192000,8,5
1.4896e+07,168000,8,4
1.512e+07,192000,8,4
1.5312e+07,168000,8,4
1.5544e+07,192000,8,4
1.5744e+07,183999,8,4
1.5944e+07,168000,8,4
1.616e+07,176000,8,4
1.6384e+07,192000,8,4
1.6688e+07,279999,9,5
1.704e+07,352000,9,8
1.736e+07,320000,9,6
1.7744e+07,384000,9,8
1.8112e+07,368000,9,8
1.8464e+07,351999,10,7
1.8824e+07,360000,10,9
1.9224e+07,400000,10,8
1.96e+07,376000,10,8
1.996e+07,360000,10,8
2.0256e+07,296000,10,6
2.0528e+07,271999,10,6
2.072e+07,192000,10,4
2.088e+07,160000,10,4
2.108e+07,184000,10,5
2.132e+07,208000,10,5
2.1544e+07,216000,10,5
2.176e+07,216000,10,6
2.1904e+07,143999,10,4
2.2152e+07,176000,10,4
2.2344e+07,160000,10,3
2.2608e+07,208000,10,5
2.2848e+07,232000,10,7
2.312e+07,272000,10,8
2.3352e+07,232000,10,7
2.3592e+07,239999,10,7
2.3864e+07,272000,10,8
2.4096e+07,232000,10,7
2.4304e+07,208000,10,7
2.4568e+07,264000,10,8
2.4752e+07,183999,10,6
2.4952e+07,200000,10,5
2.516e+07,200000,10,5
2.5376e+07,200000,11,5
2.5568e+07,176000,12,6
2.584e+07,239999,12,6
2.5968e+07,128000,13,6
2.6216e+07,192000,14,7
2.6496e+07,256000,14,10
2.6736e+07,240000,15,8
2.7056e+07,320000,16,9
2.7312e+07,256000,18,7
2.7528e+07,216000,19,6
2.7848e+07,319999,19,8
2.8144e+07,296000,20,8
2.8408e+07,264000,20,7
2.8632e+07,224000,20,7
2.8888e+07,256000,20,7
2.9144e+07,256000,20,7
2.9376e+07,232000,20,7
2.9632e+07,256000,20,7
2.984e+07,207999,20,6
3.0024e+07,184000,20,7
3.0152e+07,128000,20,4
3.0264e+07,111999,21,3
3.0536e+07,240000,21,8
3.0768e+07,232000,21,8
3.1016e+07,248000,22,9
3.128e+07,264000,22,9
3.1624e+07,344000,22,10
3.2024e+07,400000,23,10
3.2464e+07,439999,23,10
3.2872e+07,408000,23,10
3.3288e+07,416000,23,10
3.3648e+07,360000,24,8
3.4032e+07,384000,24,10
3.444e+07,407999,25,10
3.4832e+07,392000,27,9
3.5192e+07,360000,27,10
3.5568e+07,375999,27,10
3.5936e+07,368000,27,10
3.6296e+07,359999,27,10
3.6688e+07,392000,27,10
3.708e+07,391999,27,10
3.7424e+07,344000,28,10
3.776e+07,336000,28,8
3.8168e+07,408000,29,9
3.8528e+07,360000,29,8
3.8952e+07,424000,30,10
3.9392e+07,440000,30,10
3.9832e+07,440000,30,10
4.028e+07,448000,31,10
4.072e+07,439999,32,10
4.1144e+07,424000,32,10
4.1568e+07,424000,32,9
4.2064e+07,496000,33,10
4.2496e+07,432000,35,9
4.2872e+07,375999,36,8
4.3152e+07,280000,37,6
4.332e+07,168000,37,4
4.3544e+07,224000,37,5
4.3768e+07,224000,37,5
4.3976e+07,199999,37,4
4.4168e+07,192000,37,3
4.436e+07,192000,38,5
4.4608e+07,248000,38,5
4.4792e+07,184000,38,4
4.5e+07,208000,38,5
4.532e+07,320000,39,8
4.5624e+07,304000,39,8
4.5936e+07,312000,39,8
4.6256e+07,320000,39,8
4.6656e+07,399999,39,9
4.7096e+07,440000,39,10
4.7536e+07,440000,39,10
4.8064e+07,528000,39,10
4.8464e+07,399999,39,8
4.888e+07,416000,39,8
4.9248e+07,367999,39,9
4.96e+07,352000,40,9
4.9904e+07,304000,42,8
5.0272e+07,367999,44,9
5.0632e+07,360000,44,9
5.0992e+07,360000,45,9
5.132e+07,328000,45,8
5.1704e+07,384000,45,10
5.2072e+07,368000,45,9
5.244e+07,367999,45,9
5.28e+07,360000,45,9
5.3072e+07,272000,45,7
5.3376e+07,303999,45,7
5.3712e+07,336000,45,8
5.4064e+07,352000,45,8
5.4424e+07,359999,45,9
5.4632e+07,199999,46,4
5.4816e+07,184000,46,4
5.4968e+07,152000,46,3
5.5296e+07,311999,46,7
5.5544e+07,248000,47,6
5.5824e+07,279999,47,7
5.6104e+07,280000,47,8
5.6368e+07,264000,49,6
5.6632e+07,263999,49,6
5.6952e+07,320000,49,8
5.7216e+07,264000,49,6
5.7536e+07,320000,49,8
5.7824e+07,287999,49,7
5.812e+07,296000,49,7
5.8456e+07,336000,49,9
5.8728e+07,272000,49,6
5.9104e+07,375999,49,8
5.9536e+07,432000,49,8
5.9808e+07,271999,49,5
5.9992e+07,184000,49,3
6.0176e+07,184000,49,4
6.0304e+07,128000,49,2
6.0432e+07,120000,49,3
6.0656e+07,128000,49,3
6.084e+07,104000,49,2
6.1088e+07,136000,49,3
6.1336e+07,175999,49,4
6.1496e+07,120000,49,2
6.1752e+07,160000,49,3
6.1968e+07,168000,49,3
6.2144e+07,128000,49,2
6.2376e+07,152000,49,3
6.2656e+07,215999,49,5
6.2936e+07,280000,49,8
6.3248e+07,312000,49,8
6.36e+07,352000,49,9
6.392e+07,320000,49,8
6.4288e+07,367999,49,9
6.4584e+07,296000,50,10
6.496e+07,376000,50,10
6.5368e+07,407999,50,10
6.588e+07,512000,50,10
6.6272e+07,392000,50,8
6.668e+07,408000,50,8
6.6944e+07,264000,50,6
6.7224e+07,280000,50,7
6.7528e+07,304000,50,7
6.7752e+07,223999,50,5
6.8008e+07,256000,50,6
6.8264e+07,256000,50,6
6.8544e+07,280000,50,7
6.8816e+07,272000,51,7
6.9032e+07,215999,51,5
6.9272e+07,240000,51,6
6.952e+07,247999,51,6
6.976e+07,240000,51,5
7.0008e+07,247999,51,6
7.0304e+07,296000,51,7
7.0736e+07,432000,51,9
7.1144e+07,408000,51,10
7.1528e+07,384000,51,9
7.1904e+07,375999,51,10
7.224e+07,336000,51,8
7.2616e+07,376000,51,8
7.3112e+07,496000,51,10
7.3488e+07,376000,51,7
7.3864e+07,376000,52,7
7.4168e+07,304000,53,6
7.4576e+07,408000,53,8
7.492e+07,344000,53,7
7.5256e+07,336000,53,7
7.5568e+07,311999,53,6
7.5848e+07,280000,53,6
7.6104e+07,256000,53,5
7.644e+07,336000,53,7
7.6712e+07,272000,53,5
7.7096e+07,384000,53,8
7.7472e+07,376000,53,7
7.7768e+07,296000,53,6
7.7992e+07,224000,53,7
7.8168e+07,176000,53,5
7.8496e+07,327999,53,10
7.9e+07,504000,53,10
7.948e+07,480000,53,9
7.9968e+07,488000,53,9
8.0432e+07,464000,53,10
8.0808e+07,376000,53,8
8.116e+07,351999,53,8
8.1568e+07,408000,54,10
8.1992e+07,424000,54,10
8.2472e+07,480000,55,10
8.28e+07,327999,55,6
8.304e+07,240000,55,5
8.3248e+07,208000,55,4
8.3432e+07,184000,55,4
8.364e+07,208000,55,4
8.3816e+07,176000,55,4
8.4e+07,184000,55,4
8.4264e+07,239999,55,5
8.4448e+07,184000,55,4
8.4624e+07,175999,55,4
8.4856e+07,208000,55,4
8.5056e+07,199999,55,4
8.5296e+07,224000,55,4
8.5488e+07,191999,55,4
8.5728e+07,240000,55,5
8.5912e+07,184000,55,4
8.6096e+07,184000,55,4
8.628e+07,168000,55,3
8.6576e+07,256000,55,5
8.6904e+07,327999,55,7
8.7368e+07,464000,55,10
8.7736e+07,368000,55,6
8.808e+07,343999,55,6
8.8528e+07,448000,57,7
8.8904e+07,375999,57,7
8.92e+07,296000,59,5
8.9568e+07,367999,59,7
8.9992e+07,424000,61,10
9.0416e+07,423999,62,9
9.0784e+07,368000,62,9
9.116e+07,375999,62,9
9.14e+07,240000,62,7
9.168e+07,280000,62,7
9.1912e+07,232000,62,6
9.2184e+07,271999,63,7
9.2408e+07,224000,63,6
9.2608e+07,200000,63,5
9.2848e+07,239999,63,5
9.3072e+07,224000,63,5
9.3296e+07,224000,63,5
9.3528e+07,232000,63,5
9.3816e+07,288000,63,7
9.4112e+07,296000,64,7
9.4352e+07,240000,64,5
9.4592e+07,239999,64,5
9.4872e+07,280000,64,6
9.5152e+07,280000,64,6
9.54e+07,248000,64,6
9.5656e+07,256000,64,5
9.5896e+07,240000,64,5
9.6184e+07,287999,64,6
9.6448e+07,264000,64,5
9.676e+07,312000,64,6
9.7144e+07,384000,64,9
9.7544e+07,399999,64,10
9.7904e+07,360000,64,7
9.836e+07,456000,64,10
9.8864e+07,504000,64,10
9.9296e+07,432000,64,9
9.968e+07,384000,64,9
1e+08,320000,64,8
1.0036e+08,359999,64,8
1.00688e+08,328000,64,8
1.01016e+08,328000,64,8
1.01312e+08,295999,64,7
1.01616e+08,304000,64,7
1.0192e+08,304000,64,6
1.02168e+08,248000,64,5
1.02448e+08,280000,64,6
1.028e+08,351999,64,7
1.032e+08,400000,64,10
1.03624e+08,423999,64,9
1.03976e+08,352000,64,8
1.0428e+08,304000,64,7
1.04664e+08,384000,64,7
1.04952e+08,287999,64,6
1.0528e+08,328000,64,7
1.05664e+08,384000,64,7
1.06096e+08,424000,64,10
1.0644e+08,343999,64,7
1.06776e+08,336000,65,7
1.07152e+08,376000,65,8
1.07504e+08,352000,65,7
1.07824e+08,319999,65,7
1.08216e+08,392000,65,8
1.08544e+08,327999,65,7
1.08928e+08,384000,65,10
1.09408e+08,480000,65,10
1.09832e+08,424000,65,9
1.1012e+08,288000,65,8
1.10352e+08,232000,65,8
1.10496e+08,144000,65,6
1.1064e+08,144000,65,6
1.10808e+08,168000,65,6
1.10984e+08,168000,65,6
1.11336e+08,311999,65,6
1.11528e+08,192000,66,7
1.1188e+08,351999,66,7
1.12272e+08,392000,66,8
1.12768e+08,496000,66,10
1.12968e+08,200000,66,6
1.13248e+08,280000,67,7
1.1352e+08,271999,67,6
1.13896e+08,376000,67,7
1.14144e+08,248000,68,7
1.1436e+08,215999,68,6
1.14632e+08,272000,68,9
1.15024e+08,392000,68,10
1.15472e+08,448000,68,9
1.1588e+08,407999,68,8
1.1632e+08,440000,68,9
1.16744e+08,423999,68,9
1.16952e+08,208000,68,5
1.17112e+08,160000,68,5
1.17328e+08,216000,68,5
1.17432e+08,104000,68,4
1.17688e+08,176000,68,4
1.17872e+08,152000,68,4
1.1812e+08,192000,68,5
1.18344e+08,208000,68,6
1.18648e+08,303999,68,10
1.18984e+08,336000,68,10
1.1944e+08,455999,69,10
1.1984e+08,400000,69,9
1.20104e+08,263999,69,6
1.20344e+08,240000,69,5
1.20528e+08,184000,69,4
1.20744e+08,215999,69,4
1.20952e+08,208000,69,4
1.21168e+08,216000,69,4
1.21368e+08,200000,69,4
1.2156e+08,192000,69,5
1.21736e+08,176000,69,3
1.21936e+08,200000,69,4
1.2212e+08,184000,69,4
1.22312e+08,191999,69,4
1.22568e+08,239999,69,5
1.22752e+08,184000,69,3
1.2292e+08,168000,69,4
1.23176e+08,224000,69,4
1.23432e+08,256000,69,6
1.23664e+08,232000,69,5
1.23976e+08,311999,69,8
1.24264e+08,288000,69,6
1.24616e+08,352000,69,8
1.24928e+08,312000,69,6
1.25184e+08,256000,69,6
1.2564e+08,456000,69,9
1.2612e+08,480000,69,9
1.26584e+08,464000,70,10
1.26984e+08,400000,71,10
1.274e+08,416000,72,10
1.2776e+08,360000,72,8
1.28112e+08,351999,72,9
1.28312e+08,200000,72,5
1.28464e+08,151999,72,3
1.28632e+08,168000,72,4
1.2876e+08,127999,72,3
1.29008e+08,208000,72,5
1.29168e+08,152000,72,3
1.294e+08,184000,72,4
1.296e+08,167999,72,4
1.29856e+08,215999,72,5
1.30088e+08,232000,72,5
1.30272e+08,184000,72,4
1.30472e+08,200000,72,5
1.30696e+08,216000,72,5
1.30912e+08,216000,72,5
1.3112e+08,208000,72,5
1.31256e+08,136000,72,3
1.3152e+08,200000,72,5
1.31752e+08,224000,72,5
1.3196e+08,208000,72,5
1.32208e+08,247999,72,6
1.3256e+08,352000,72,8
1.32832e+08,271999,72,6
1.33152e+08,320000,72,6
1.33488e+08,335999,72,7
1.3376e+08,272000,72,6
1.3412e+08,360000,73,7
1.34536e+08,416000,74,8
1.34896e+08,360000,74,8
1.35288e+08,392000,74,8
1.35576e+08,287999,74,6
1.3592e+08,344000,74,9
1.36296e+08,375999,74,9
1.36592e+08,296000,74,7
1.36944e+08,352000,74,8
1.37328e+08,384000,75,10
1.37728e+08,400000,75,10
1.3816e+08,431999,76,10
1.38568e+08,408000,77,9
1.39e+08,432000,78,10
1.39424e+08,424000,79,10
1.39784e+08,359999,79,9
1.40112e+08,328000,79,8
1.40456e+08,344000,79,8
1.4076e+08,304000,79,7
1.41024e+08,264000,79,7
1.41312e+08,288000,79,7
1.41616e+08,304000,79,8
1.4196e+08,344000,79,9
1.4236e+08,400000,79,10
1.42712e+08,351999,79,8
1.43144e+08,432000,80,10
1.4348e+08,335999,80,6
1.43864e+08,384000,80,7
1.44312e+08,448000,80,7
1.44648e+08,335999,80,6
1.44968e+08,320000,80,6
1.45288e+08,320000,80,6
1.45552e+08,263999,80,5
1.45936e+08,384000,80,8
1.46296e+08,359999,80,8
1.46608e+08,312000,81,9
1.46992e+08,383999,82,10
1.47392e+08,400000,82,10
1.4776e+08,368000,84,10
1.4816e+08,400000,84,10
1.48568e+08,408000,84,10
1.49008e+08,440000,85,10
1.49448e+08,440000,85,10
1.49944e+08,496000,85,10
1.50448e+08,504000,85,10
1.50912e+08,464000,85,10
1.51368e+08,455999,85,10
1.518e+08,432000,85,10
1.52232e+08,431999,85,10
1.5268e+08,448000,85,10
1.532e+08,520000,86,10
1.53744e+08,543999,88,10
1.54224e+08,480000,88,10
1.54784e+08,560000,88,10
1.55352e+08,568000,88,10
1.55872e+08,520000,89,10
1.56392e+08,519999,92,10
1.56864e+08,472000,92,10
1.572e+08,336000,92,10
1.57472e+08,272000,92,10
1.57664e+08,192000,92,9
1.578e+08,136000,92,6
1.5792e+08,120000,92,7
1.58072e+08,152000,92,8
1.58288e+08,176000,92,6
1.58544e+08,224000,93,8
1.58728e+08,184000,93,6
1.58912e+08,176000,93,5
1.5916e+08,215999,93,6
1.594e+08,240000,93,7
1.59632e+08,232000,94,7
1.59896e+08,264000,95,8
1.60192e+08,296000,96,8
1.60552e+08,359999,99,10
1.6092e+08,368000,99,9
1.61288e+08,368000,99,9
1.6164e+08,352000,99,10
1.62024e+08,384000,99,10
1.624e+08,376000,99,10
1.62744e+08,343999,99,10
1.63072e+08,328000,99,9
1.63384e+08,312000,99,10
1.63728e+08,344000,99,10
1.64088e+08,359999,99,10
1.6448e+08,392000,100,10
1.64848e+08,368000,101,10
1.65224e+08,375999,101,10
1.65616e+08,392000,101,10
1.6596e+08,344000,101,10
1.66328e+08,368000,102,10
1.66688e+08,360000,102,10
1.67024e+08,336000,102,10
1.67392e+08,367999,102,10
1.67728e+08,336000,102,10
1.68088e+08,359999,102,10
1.6848e+08,392000,102,10
1.68808e+08,328000,102,10
1.69128e+08,320000,102,10
1.69496e+08,368000,103,10
1.69832e+08,335999,103,10
1.70112e+08,280000,103,9
1.70216e+08,104000,103,10
1.704e+08,152000,103,9
1.70608e+08,152000,103,10
1.70776e+08,112000,103,10
1.70992e+08,112000,103,7
1.71176e+08,88000,103,6
1.71416e+08,127999,103,7
1.71592e+08,88000,103,8
1.71808e+08,95999,103,9
1.72016e+08,88000,103,8
1.72248e+08,112000,103,8
1.72456e+08,112000,103,9
1.72664e+08,112000,103,7
1.72888e+08,128000,103,8
1.7312e+08,152000,103,9
1.73336e+08,152000,103,9
1.7372e+08,328000,103,9
1.74104e+08,384000,103,10
1.74488e+08,383999,103,10
1.74952e+08,464000,103,10
1.75464e+08,512000,103,10
1.75968e+08,504000,103,10
1.76528e+08,559999,103,10
1.7712e+08,592000,103,10
1.77672e+08,551999,103,10
1.78184e+08,512000,105,10
1.78624e+08,440000,105,8
1.78848e+08,224000,105,4
1.79072e+08,224000,105,4
1.7932e+08,247999,105,5
1.79552e+08,232000,105,4
1.7976e+08,208000,105,4
1.79984e+08,224000,105,4
1.80208e+08,223999,105,4
1.80448e+08,240000,105,4
1.80688e+08,240000,105,4
1.80912e+08,224000,105,3
1.8116e+08,247999,105,4
1.81368e+08,208000,105,4
1.81624e+08,256000,105,5
1.81864e+08,240000,105,4
1.82136e+08,271999,105,5
1.82464e+08,328000,105,7
1.8284e+08,376000,105,7
1.83336e+08,496000,105,9
1.838e+08,464000,105,9
1.84192e+08,392000,105,10
1.84616e+08,424000,105,9
1.85056e+08,440000,105,9
1.85472e+08,416000,105,7
1.85808e+08,335999,106,6
1.86152e+08,344000,106,6
1.86432e+08,280000,106,5
1.86808e+08,375999,106,7
1.8708e+08,272000,106,5
1.87376e+08,296000,106,5
1.87656e+08,280000,106,5
1.87976e+08,319999,106,5
1.88352e+08,376000,106,6
1.88648e+08,295999,106,5
1.89008e+08,360000,106,6
1.8948e+08,471999,106,9
1.90008e+08,528000,107,10
1.90448e+08,440000,107,10
1.9088e+08,431999,107,10
1.9132e+08,440000,107,9
1.9176e+08,440000,107,9
1.92192e+08,432000,107,10
1.9264e+08,448000,107,10
1.92904e+08,263999,107,10
1.93288e+08,384000,107,10
1.9372e+08,431999,107,10
1.94112e+08,392000,107,8
1.9448e+08,368000,107,7
1.94832e+08,351999,107,7
1.95216e+08,384000,107,8
1.95552e+08,335999,107,7
1.95888e+08,336000,107,7
1.96248e+08,351999,107,7
1.9656e+08,312000,107,6
1.96896e+08,336000,107,7
1.97216e+08,320000,107,6
1.97424e+08,208000,107,4
1.97648e+08,223999,107,4
1.9784e+08,192000,107,4
1.97976e+08,135999,107,3
1.98072e+08,96000,107,1
1.9836e+08,280000,107,6
1.98656e+08,296000,107,7
1.98888e+08,232000,107,5
1.99184e+08,295999,107,8
1.99592e+08,408000,107,10
1.99968e+08,376000,107,8
2.00456e+08,488000,107,10
2.0108e+08,624000,107,10
2.01624e+08,543999,107,10
2.02144e+08,520000,107,10
2.02688e+08,544000,107,10
2.03184e+08,495999,107,10
2.03448e+08,264000,107,4
2.03768e+08,320000,107,6
2.03992e+08,223999,107,4
2.04144e+08,152000,107,3
2.04384e+08,224000,107,4
2.046e+08,215999,107,4
2.04808e+08,208000,107,4
2.04928e+08,120000,107,2
2.05192e+08,200000,107,4
2.05448e+08,256000,107,5
2.05672e+08,223999,107,4
2.05856e+08,184000,107,3
2.0604e+08,184000,107,3
2.06256e+08,216000,107,4
2.06456e+08,200000,107,3
2.06648e+08,191999,107,3
2.06848e+08,184000,107,3
2.07056e+08,176000,107,3
2.07288e+08,200000,107,4
2.07488e+08,192000,107,3
2.078e+08,296000,107,7
2.0816e+08,359999,108,10
2.08552e+08,392000,109,10
2.0896e+08,408000,109,10
2.09408e+08,448000,109,10
2.09784e+08,375999,109,10
2.10208e+08,424000,109,10
2.10544e+08,336000,109,10
2.10904e+08,359999,109,10
2.1136e+08,456000,109,10
2.11872e+08,512000,109,10
2.124e+08,528000,109,10
2.13e+08,600000,109,10
2.13568e+08,568000,109,10
2.14184e+08,615999,109,10
2.14744e+08,560000,109,10
2.15264e+08,520000,110,10
2.15816e+08,552000,111,10
2.16376e+08,560000,111,10
2.16984e+08,608000,111,10
2.1752e+08,536000,111,10
2.17992e+08,472000,111,10
2.18416e+08,423999,111,10
2.18808e+08,392000,111,10
2.19216e+08,408000,111,10
2.19648e+08,431999,111,10
2.2008e+08,432000,111,10
2.20496e+08,416000,112,10
2.20912e+08,416000,112,10
2.21352e+08,440000,112,10
2.21768e+08,416000,112,10
2.22248e+08,479999,113,10
2.2276e+08,512000,114,10
2.2324e+08,480000,114,10
2.23752e+08,512000,115,8
2.24152e+08,400000,115,10
2.246e+08,447999,115,10
2.25008e+08,408000,115,10
2.25432e+08,424000,115,10
2.25904e+08,471999,115,10
2.26504e+08,600000,116,10
2.27072e+08,568000,117,10
2.27712e+08,640000,117,10
2.28328e+08,616000,118,10
2.29008e+08,680000,120,10
2.29512e+08,504000,120,10
2.2996e+08,448000,121,10
2.30408e+08,448000,122,10
2.30872e+08,464000,122,10
2.31336e+08,464000,122,10
2.31824e+08,488000,123,10
2.3228e+08,456000,123,10
2.3272e+08,439999,123,10
2.33192e+08,472000,123,10
2.33632e+08,440000,123,10
2.3408e+08,448000,124,10
2.34528e+08,447999,124,10
2.35008e+08,480000,124,10
2.35488e+08,479999,124,10
2.35968e+08,480000,125,10
2.36512e+08,544000,125,10
2.37032e+08,520000,125,10
2.37552e+08,519999,125,10
2.38056e+08,504000,125,10
2.3856e+08,504000,125,10
2.39024e+08,464000,125,10
2.39408e+08,384000,125,10
2.39776e+08,368000,125,10
2.39944e+08,168000,125,10
2.4012e+08,168000,125,10
2.40304e+08,152000,126,10
2.40512e+08,144000,126,10
2.40736e+08,160000,127,10
2.40904e+08,120000,127,10
2.4112e+08,128000,127,9
2.41344e+08,136000,127,10
2.4152e+08,104000,127,8
2.4176e+08,136000,127,7
2.41976e+08,144000,127,9
2.42152e+08,112000,127,9
2.42376e+08,128000,127,9
2.42584e+08,120000,127,8
2.42776e+08,104000,127,6
2.42976e+08,96000,127,7
2.43232e+08,151999,127,8
2.43432e+08,136000,127,8
2.43584e+08,80000,127,5
2.43824e+08,104000,127,8
2.44048e+08,128000,127,9
2.44272e+08,136000,127,8
2.4448e+08,144000,127,6
2.44696e+08,151999,127,7
2.4488e+08,120000,127,7
2.45088e+08,119999,127,8
2.45344e+08,160000,127,8
2.45552e+08,160000,127,8
2.45824e+08,224000,127,8
2.46048e+08,224000,127,7
2.46264e+08,216000,127,8
2.4644e+08,175999,127,7
2.46568e+08,128000,127,7
2.46792e+08,144000,127,10
2.47016e+08,160000,127,10
2.47328e+08,264000,127,10
2.4756e+08,232000,127,10
2.478e+08,240000,127,10
2.4804e+08,239999,127,10
2.48304e+08,264000,127,10
2.486e+08,295999,127,10
2.49072e+08,472000,128,10
2.49512e+08,440000,129,10
2.50008e+08,496000,130,10
2.50536e+08,528000,130,10
2.5104e+08,503999,130,10
2.51616e+08,576000,130,10
2.52232e+08,615999,130,10
2.5284e+08,608000,130,10
2.53416e+08,575999,130,10
2.53856e+08,440000,130,10
2.54248e+08,392000,130,10
2.54624e+08,375999,130,10
2.55024e+08,400000,130,10
2.5544e+08,415999,130,10
2.55824e+08,384000,131,10
2.56184e+08,360000,131,10
2.5656e+08,376000,131,10
2.56944e+08,384000,131,10
2.57312e+08,368000,131,10
2.57712e+08,399999,131,10
2.58112e+08,400000,131,10
2.58504e+08,392000,131,10
2.588e+08,296000,131,10
2.59072e+08,272000,131,10
2.59368e+08,295999,131,10
2.59648e+08,280000,131,10
2.59952e+08,303999,131,10
2.60248e+08,296000,131,10
2.60528e+08,280000,131,10
2.60816e+08,288000,132,10
2.61104e+08,287999,132,10
2.61416e+08,312000,132,10
2.61728e+08,312000,132,10
2.62016e+08,288000,132,10
2.62312e+08,296000,132,10
2.62624e+08,312000,132,10
2.63056e+08,431999,132,10
2.63448e+08,392000,132,10
2.63848e+08,400000,133,9
2.64256e+08,408000,134,10
2.6476e+08,503999,135,10
2.65312e+08,552000,135,10
2.65872e+08,560000,137,10
2.664e+08,527999,138,10
2.66888e+08,488000,139,10
2.67336e+08,448000,139,10
2.67832e+08,495999,139,10
2.68288e+08,456000,139,10
2.68752e+08,464000,139,10
2.69144e+08,392000,139,10
2.69536e+08,392000,141,10
2.69904e+08,367999,141,10
2.70296e+08,392000,141,10
2.70688e+08,392000,141,10
2.71096e+08,408000,141,10
2.7156e+08,464000,143,10
2.71984e+08,423999,143,10
2.72352e+08,368000,145,10
2.72696e+08,344000,145,10
2.73056e+08,359999,145,10
2.73456e+08,400000,145,10
2.7384e+08,384000,145,10
2.74264e+08,424000,145,10
2.74664e+08,399999,145,10
2.75048e+08,384000,146,10
2.7544e+08,391999,146,10
2.75848e+08,408000,146,10
2.76256e+08,408000,146,10
2.7664e+08,383999,146,10
2.77008e+08,368000,146,10
2.77488e+08,480000,148,10
2.78016e+08,528000,149,10
2.78648e+08,632000,152,10
2.79232e+08,584000,153,10
2.79776e+08,544000,155,10
2.80312e+08,536000,157,10
2.80832e+08,519999,157,10
2.8136e+08,528000,157,10
2.81872e+08,512000,157,10
2.8244e+08,567999,158,10
2.82984e+08,544000,158,10
2.83576e+08,592000,158,10
2.84144e+08,568000,159,10
2.84696e+08,552000,159,10
2.85152e+08,455999,159,10
2.85664e+08,512000,159,10
2.86232e+08,568000,161,10
2.86768e+08,536000,162,10
2.8732e+08,551999,162,10
2.87832e+08,512000,162,10
2.88336e+08,504000,162,10
2.88888e+08,552000,162,10
2.894e+08,512000,162,10
2.89864e+08,464000,163,10
2.9028e+08,416000,163,10
2.90664e+08,383999,163,10
2.91016e+08,352000,163,10
2.91352e+08,336000,163,10
2.91632e+08,280000,163,10
2.9192e+08,288000,163,10
2.92216e+08,296000,163,10
2.92512e+08,296000,163,10
2.928e+08,288000,163,10
2.93088e+08,288000,163,10
2.93376e+08,288000,163,10
2.93664e+08,287999,163,10
2.9396e+08,296000,163,10
2.94224e+08,264000,163,10
2.94496e+08,272000,163,10
2.94752e+08,256000,163,10
2.95016e+08,264000,163,10
2.95296e+08,279999,163,10
2.95568e+08,272000,163,10
2.95856e+08,288000,163,10
2.96152e+08,296000,163,10
2.96432e+08,280000,163,10
2.96728e+08,296000,163,10
2.97024e+08,296000,163,10
2.97296e+08,271999,164,10
2.97608e+08,312000,164,10
2.9792e+08,312000,164,10
2.98208e+08,288000,164,10
2.98512e+08,304000,164,10
2.98792e+08,280000,164,10
2.9912e+08,328000,164,10
2.99408e+08,288000,164,10
2.99696e+08,288000,164,10
3.00032e+08,335999,164,10
3.004e+08,368000,164,10
3.00768e+08,368000,164,10
3.01144e+08,376000,164,10
3.01464e+08,319999,164,10
3.018e+08,336000,164,10
3.02136e+08,336000,164,10
3.02464e+08,327999,164,10
3.0292e+08,456000,164,10
3.03432e+08,512000,165,10
3.0412e+08,688000,165,10
3.04752e+08,632000,165,10
3.0532e+08,567999,167,10
3.05888e+08,568000,167,10
3.0632e+08,431999,167,10
3.06736e+08,416000,168,10
3.07152e+08,416000,168,10
3.07536e+08,384000,168,10
3.07672e+08,136000,168,10
3.07912e+08,192000,168,10
3.08112e+08,176000,168,10
3.08328e+08,184000,168,9
3.08536e+08,184000,169,10
3.08736e+08,168000,169,10
3.0892e+08,128000,170,10
3.0916e+08,152000,170,10
3.09376e+08,160000,170,10
3.09624e+08,192000,170,9
3.09856e+08,207999,170,9
3.10032e+08,167999,170,9
3.1024e+08,160000,170,10
3.10456e+08,168000,170,9
3.1064e+08,135999,170,7
3.10872e+08,152000,170,10
3.1112e+08,184000,170,10
3.1128e+08,136000,170,8
3.1148e+08,128000,170,8
3.11728e+08,152000,170,9
3.1192e+08,128000,170,6
3.12128e+08,120000,170,10
3.12336e+08,120000,170,9
3.12592e+08,159999,170,8
3.12744e+08,104000,170,8
3.13048e+08,184000,170,10
3.13224e+08,151999,170,10
3.13496e+08,207999,170,10
3.13712e+08,207999,170,8
3.13896e+08,176000,170,10
3.14096e+08,160000,170,9
3.1432e+08,175999,170,10
3.14584e+08,224000,170,10
3.14752e+08,168000,170,9
3.14936e+08,143999,170,10
3.15144e+08,136000,170,9
3.15376e+08,160000,170,9
3.15608e+08,176000,170,10
3.15832e+08,183999,170,9
3.16024e+08,160000,170,10
3.1624e+08,160000,170,9
3.16416e+08,127999,170,8
3.16632e+08,136000,170,7
3.1684e+08,120000,170,7
3.17032e+08,104000,170,6
3.17264e+08,120000,170,8
3.17504e+08,144000,171,10
3.17744e+08,168000,171,10
3.17992e+08,200000,171,10
3.18136e+08,128000,171,10
3.184e+08,184000,171,10
3.18648e+08,216000,171,10
3.18992e+08,344000,171,10
3.19304e+08,312000,172,10
3.19736e+08,431999,172,9
3.20168e+08,432000,172,10
3.2068e+08,512000,172,10
3.21264e+08,584000,174,10
3.2164e+08,375999,176,7
3.21976e+08,336000,176,7
3.22376e+08,400000,176,9
3.2272e+08,344000,176,8
3.23104e+08,383999,177,9
3.23376e+08,272000,177,6
3.23784e+08,407999,177,9
3.24016e+08,232000,177,5
3.2432e+08,303999,177,6
3.24664e+08,344000,177,7
3.2496e+08,296000,177,6
3.25248e+08,288000,177,6
3.25528e+08,280000,177,5
3.2584e+08,312000,177,8
3.26184e+08,344000,177,8
3.26536e+08,352000,177,8
3.26904e+08,367999,177,9
3.27136e+08,232000,177,4
3.27336e+08,200000,177,3
3.276e+08,264000,177,5
3.27792e+08,192000,177,3
3.27992e+08,200000,177,4
3.28168e+08,176000,177,3
3.28328e+08,160000,177,3
3.28552e+08,224000,177,4
3.28808e+08,255999,177,5
3.29056e+08,239999,177,4
3.29312e+08,256000,177,5
3.29544e+08,231999,177,4
3.29712e+08,168000,177,3
3.2988e+08,168000,177,3
3.30096e+08,216000,177,4
3.30288e+08,192000,177,3
3.30512e+08,224000,177,4
3.30728e+08,216000,177,4
3.30888e+08,160000,177,3
3.31072e+08,184000,177,3
3.31344e+08,264000,177,3
3.31672e+08,328000,177,6
3.31968e+08,296000,177,5
3.32328e+08,360000,177,7
3.32728e+08,400000,177,8
3.33216e+08,488000,177,10
3.33648e+08,432000,178,10
3.34088e+08,440000,178,10
3.34496e+08,407999,179,10
3.34928e+08,432000,180,10
3.35472e+08,544000,180,9
3.35944e+08,472000,180,8
3.36056e+08,111999,180,5
3.362e+08,144000,180,6
3.36376e+08,160000,180,6
3.36672e+08,240000,180,5
3.36768e+08,96000,180,4
3.37024e+08,160000,180,7
3.37224e+08,144000,180,4
3.37464e+08,175999,180,5
3.37736e+08,231999,180,5
3.37864e+08,128000,180,5
3.38128e+08,192000,180,6
3.38312e+08,168000,180,4
3.38568e+08,207999,180,4
3.38784e+08,207999,180,4
3.39072e+08,280000,181,6
3.39592e+08,519999,181,10
3.40144e+08,552000,183,10
3.40632e+08,488000,185,10
3.40952e+08,319999,185,10
3.41224e+08,272000,186,10
3.4144e+08,216000,187,6
3.41744e+08,304000,187,10
3.42008e+08,263999,187,10
3.42304e+08,296000,187,10
3.42592e+08,287999,187,10
3.42856e+08,264000,188,10
3.43144e+08,288000,188,10
3.4348e+08,336000,188,10
3.43784e+08,303999,188,10
3.4404e+08,256000,188,10
3.44288e+08,248000,188,9
3.44544e+08,255999,188,9
3.44848e+08,304000,188,9
3.45176e+08,327999,189,10
3.45464e+08,288000,189,10
3.45784e+08,320000,189,10
3.46144e+08,360000,189,10
3.46504e+08,360000,189,10
3.46888e+08,384000,189,10
3.47216e+08,328000,189,10
3.47608e+08,392000,189,10
3.48008e+08,399999,189,10
3.48376e+08,368000,189,10
3.48728e+08,352000,189,10
3.49072e+08,344000,189,10
3.49384e+08,312000,189,10
3.49712e+08,327999,189,10
3.5e+08,288000,189,10
3.50344e+08,343999,189,10
3.5064e+08,296000,190,10
3.50936e+08,296000,190,10
3.51224e+08,287999,190,10
3.51536e+08,312000,190,10
3.5184e+08,304000,190,10
3.52104e+08,263999,190,10
3.52392e+08,288000,190,10
3.52688e+08,296000,190,10
3.52968e+08,280000,190,10
3.53288e+08,320000,193,10
3.53624e+08,336000,193,10
3.53896e+08,272000,193,10
3.54168e+08,272000,193,10
3.54432e+08,264000,193,10
3.54712e+08,279999,193,10
3.54968e+08,256000,195,10
3.55264e+08,296000,195,10
3.55552e+08,288000,195,10
3.55856e+08,295999,195,10
3.56088e+08,232000,195,8
3.56304e+08,216000,195,8
3.56568e+08,263999,195,9
3.56832e+08,264000,195,10
3.57136e+08,304000,195,10
3.57432e+08,296000,195,10
3.57752e+08,320000,197,10
3.58128e+08,375999,197,10
3.58448e+08,320000,198,8
3.58688e+08,240000,198,7
3.5892e+08,232000,198,6
3.59112e+08,192000,198,5
3.59288e+08,176000,198,5
3.59408e+08,120000,198,2
3.59488e+08,79999,198,3
3.59664e+08,87999,198,1
3.5988e+08,96000,198,2
3.60112e+08,104000,198,3
3.60432e+08,224000,198,5
3.60696e+08,264000,199,6
3.60944e+08,248000,199,6
3.6128e+08,336000,200,8
3.61784e+08,503999,201,10
3.62328e+08,544000,201,10
3.6288e+08,551999,202,10
3.63456e+08,576000,202,10
3.64104e+08,647999,202,10
3.6464e+08,536000,202,10
3.652e+08,560000,202,10
3.65768e+08,568000,202,10
3.66264e+08,496000,202,10
3.66744e+08,480000,202,10
3.67248e+08,503999,203,10
3.67784e+08,536000,203,10
3.68288e+08,504000,204,10
3.68824e+08,536000,204,10
3.69272e+08,447999,204,8
3.69856e+08,584000,204,10
3.70416e+08,560000,204,9
3.70776e+08,360000,204,7
3.71136e+08,360000,204,9
3.71552e+08,416000,204,9
3.71912e+08,360000,204,7
3.722e+08,287999,204,5
3.72576e+08,376000,204,8
3.72856e+08,279999,204,6
3.73216e+08,360000,204,8
3.73624e+08,408000,204,9
3.7412e+08,496000,204,9
3.7444e+08,319999,204,5
3.7492e+08,480000,204,10
3.75368e+08,447999,204,10
3.75816e+08,448000,205,10
3.76208e+08,392000,205,6
3.76536e+08,328000,205,5
3.76872e+08,336000,205,5
3.77248e+08,375999,205,6
3.7776e+08,512000,205,9
3.78344e+08,584000,205,9
3.78944e+08,600000,206,10
3.794e+08,456000,206,7
3.79784e+08,383999,206,7
3.80152e+08,368000,206,10
3.80456e+08,304000,206,10
3.8076e+08,303999,206,10
3.81048e+08,288000,206,10
3.8132e+08,271999,206,10
3.81568e+08,248000,206,10
3.81792e+08,224000,206,10
3.82e+08,208000,206,7
3.82232e+08,232000,206,8
3.82464e+08,231999,206,8
3.82704e+08,240000,206,9
3.82888e+08,184000,206,7
3.8304e+08,152000,206,5
3.8312e+08,80000,206,3
3.83192e+08,40000,206,2
3.83384e+08,32000,206,1
3.83624e+08,48000,206,1
3.83832e+08,39999,206,1
3.84048e+08,40000,206,1
3.84256e+08,40000,206,2
3.8448e+08,48000,206,1
3.84688e+08,48000,206,1
3.84904e+08,39999,206,3
3.8512e+08,40000,206,1
3.85344e+08,55999,206,1
3.8556e+08,56000,206,2
3.85792e+08,72000,206,5
3.86104e+08,167999,206,7
3.86352e+08,200000,206,9
3.86584e+08,224000,206,8
3.86824e+08,240000,206,9
3.8708e+08,255999,206,10
3.87352e+08,272000,206,10
3.87648e+08,296000,206,10
3.87936e+08,288000,206,10
3.88272e+08,335999,206,10
3.88624e+08,352000,206,10
3.89088e+08,464000,206,10
3.89528e+08,440000,206,10
3.9008e+08,551999,206,10
3.90648e+08,568000,206,10
3.91224e+08,575999,206,10
3.91736e+08,512000,206,10
3.92328e+08,592000,206,10
3.928e+08,472000,208,10
3.93064e+08,264000,208,7
3.93216e+08,152000,208,5
3.93352e+08,136000,208,3
3.93536e+08,112000,208,2
3.93752e+08,104000,208,2
3.93968e+08,112000,208,3
3.94168e+08,88000,208,3
3.94408e+08,120000,208,2
3.9488e+08,375999,209,6
3.95168e+08,288000,209,4
3.9548e+08,312000,209,5
3.95784e+08,303999,209,5
3.962e+08,416000,210,10
3.96592e+08,392000,210,10
3.97016e+08,424000,210,10
3.9728e+08,264000,211,5
3.97552e+08,272000,211,4
3.97864e+08,312000,211,5
3.98224e+08,359999,211,6
3.98656e+08,432000,211,7
3.9912e+08,464000,211,9
3.99488e+08,367999,211,7
3.99872e+08,384000,211,7
4.0016e+08,288000,211,6
4.00488e+08,327999,211,6
4.0084e+08,352000,211,6
4.01256e+08,416000,211,7
4.01576e+08,320000,211,6
4.01904e+08,327999,211,6
4.02312e+08,408000,211,7
4.02648e+08,336000,211,6
4.02936e+08,288000,211,6
4.032e+08,263999,211,4
4.03456e+08,256000,211,4
4.03752e+08,296000,211,4
4.03976e+08,223999,211,4
4.04184e+08,208000,211,3
4.0448e+08,296000,212,5
4.04792e+08,312000,212,5
4.05104e+08,311999,212,6
4.05384e+08,280000,212,6
4.05648e+08,264000,212,6
4.05904e+08,255999,212,5
4.06216e+08,312000,214,6
4.06448e+08,232000,214,4
4.06768e+08,320000,214,5
4.07048e+08,280000,214,5
4.07328e+08,280000,214,5
4.07576e+08,248000,214,5
4.0788e+08,303999,214,5
4.08152e+08,272000,214,5
4.0844e+08,288000,214,5
4.0868e+08,240000,214,4
4.0892e+08,240000,214,4
4.0912e+08,200000,214,3
4.0932e+08,199999,214,3
4.0948e+08,160000,214,3
4.09736e+08,231999,214,3
4.09888e+08,152000,214,2
4.10128e+08,191999,214,3
4.10328e+08,176000,214,3
4.1056e+08,200000,214,3
4.10776e+08,200000,214,3
4.10992e+08,200000,214,3
4.11216e+08,216000,215,4
4.11384e+08,168000,215,3
4.11584e+08,160000,215,2
4.118e+08,152000,215,2
4.12048e+08,192000,215,3
4.1228e+08,200000,215,3
4.12496e+08,207999,215,3
4.1276e+08,264000,215,4
4.13032e+08,272000,215,6
4.13296e+08,264000,215,5
4.13544e+08,248000,215,5
4.138e+08,256000,215,5
4.14096e+08,296000,215,6
4.14528e+08,432000,217,8
4.14904e+08,375999,217,6
4.15192e+08,288000,217,5
4.15568e+08,375999,217,6
4.15856e+08,288000,217,4
4.16288e+08,432000,217,8
4.16736e+08,447999,217,10
4.17128e+08,392000,217,7
4.17488e+08,360000,217,7
4.17864e+08,376000,217,9
4.182e+08,335999,217,7
4.18496e+08,287999,217,7
4.18792e+08,296000,217,7
4.19024e+08,232000,217,4
4.19176e+08,151999,217,3
4.19352e+08,176000,217,3
4.19568e+08,200000,217,5
4.19792e+08,224000,217,3
4.19944e+08,152000,217,3
4.202e+08,192000,217,3
4.20608e+08,400000,217,8
4.20992e+08,384000,217,8
4.2156e+08,568000,217,10
4.22128e+08,567999,217,10
4.22752e+08,624000,217,10
4.23344e+08,591999,218,10
4.23904e+08,560000,218,10
4.24464e+08,560000,219,10
4.25e+08,536000,220,10
4.2552e+08,519999,220,10
4.26064e+08,544000,220,10
4.26664e+08,599999,220,10
4.27064e+08,400000,222,6
4.27456e+08,392000,223,7
4.27832e+08,375999,225,7
4.28224e+08,392000,225,6
4.28536e+08,312000,225,5
4.28808e+08,271999,225,5
4.29208e+08,400000,225,7
4.29456e+08,248000,225,4
4.29848e+08,392000,226,7
4.30128e+08,279999,226,5
4.30384e+08,256000,226,4
4.30704e+08,320000,226,5
4.3112e+08,416000,226,6
4.31608e+08,488000,227,10
4.32016e+08,408000,227,10
4.3228e+08,264000,227,7
4.32648e+08,368000,227,10
4.33216e+08,568000,227,10
4.33864e+08,648000,227,10
4.34408e+08,544000,227,10
4.34992e+08,584000,227,10
4.35536e+08,544000,227,10
4.36096e+08,560000,227,10
4.36608e+08,512000,227,10
4.37224e+08,615999,227,10
4.37776e+08,552000,227,10
4.38304e+08,528000,227,10
4.38808e+08,503999,227,10
4.39304e+08,496000,227,10
4.39768e+08,464000,227,10
4.40248e+08,479999,227,10
4.40728e+08,480000,227,10
4.412e+08,471999,227,10
4.41648e+08,448000,227,10
4.42e+08,352000,227,10
4.42416e+08,415999,227,10
4.42784e+08,368000,227,10
4.43168e+08,384000,227,10
4.43544e+08,375999,227,10
4.43896e+08,352000,227,10
4.44232e+08,336000,227,10
4.44608e+08,376000,227,10
4.44936e+08,328000,227,10
4.45288e+08,352000,227,10
4.45704e+08,416000,227,10
4.46136e+08,432000,227,10
4.46552e+08,416000,227,10
4.46952e+08,399999,227,10
4.47336e+08,384000,227,10
4.47752e+08,416000,227,10
4.4816e+08,408000,227,10
4.48528e+08,368000,227,10
4.48896e+08,368000,227,10
4.49264e+08,368000,228,10
4.49688e+08,423999,228,10
4.50072e+08,384000,228,10
4.50464e+08,391999,228,10
4.50856e+08,392000,228,10
4.5128e+08,424000,228,10
4.51712e+08,431999,228,10
4.52136e+08,424000,228,10
4.52544e+08,407999,228,10
4.52952e+08,408000,228,10
4.53344e+08,392000,228,10
4.53744e+08,400000,228,10
4.5416e+08,416000,228,10
4.54584e+08,424000,228,10
4.54992e+08,408000,228,10
4.55392e+08,399999,228,10
4.55832e+08,440000,228,10
4.56232e+08,400000,228,10
4.56664e+08,431999,229,10
4.57072e+08,408000,229,10
4.57504e+08,432000,230,10
4.57968e+08,464000,230,10
4.58384e+08,416000,230,10
4.5876e+08,375999,230,10
4.59168e+08,408000,230,10
4.59576e+08,408000,230,10
4.5996e+08,384000,230,10
4.60416e+08,455999,230,10
4.60808e+08,392000,230,10
4.61224e+08,416000,230,10
4.61648e+08,424000,230,10
4.6208e+08,431999,230,10
4.62536e+08,456000,230,10
4.63008e+08,471999,230,10
4.63416e+08,408000,230,10
4.63872e+08,456000,230,10
4.64296e+08,423999,230,10
4.64688e+08,392000,230,10
4.65112e+08,424000,230,10
4.65472e+08,360000,230,10
4.65896e+08,424000,230,10
4.66304e+08,408000,230,10
4.66808e+08,503999,230,10
4.67344e+08,536000,230,10
4.67888e+08,544000,230,10
4.68424e+08,536000,230,10
4.68976e+08,551999,230,10
4.69504e+08,528000,230,10
4.7004e+08,536000,230,10
4.70552e+08,512000,230,10
4.71048e+08,496000,230,10
4.71584e+08,536000,230,10
4.72088e+08,504000,230,10
4.72616e+08,527999,230,10
4.73112e+08,496000,230,10
4.73584e+08,472000,230,10
4.7408e+08,495999,230,9
4.74592e+08,512000,230,10
4.75096e+08,504000,230,10
4.75584e+08,488000,230,10
4.76096e+08,512000,230,10
4.76592e+08,495999,230,9
4.7712e+08,528000,230,9
4.77648e+08,528000,230,10
4.7816e+08,512000,230,10
4.78656e+08,496000,230,10
4.7916e+08,504000,230,10
4.79632e+08,472000,230,8
4.80144e+08,512000,230,10
4.80632e+08,488000,230,10
4.8116e+08,528000,230,9
4.81656e+08,496000,230,10
4.82104e+08,447999,230,8
4.8264e+08,536000,230,10
4.83096e+08,456000,230,10
4.83584e+08,488000,230,10
4.8408e+08,495999,230,10
4.84576e+08,496000,230,10
4.85056e+08,479999,230,10
4.85528e+08,472000,230,10
4.85976e+08,447999,230,10
4.86424e+08,448000,230,10
4.86928e+08,503999,230,10
4.87392e+08,464000,230,10
4.87872e+08,480000,230,9
4.8836e+08,488000,230,10
4.88824e+08,464000,230,9
4.89304e+08,480000,230,10
4.89792e+08,488000,230,10
4.90296e+08,503999,230,8
4.90776e+08,480000,230,9
4.9128e+08,504000,230,10
4.91792e+08,512000,230,10
4.92272e+08,479999,230,10
4.9276e+08,488000,230,10
4.93256e+08,496000,230,10
4.9376e+08,503999,230,10
4.94256e+08,496000,230,10
4.94792e+08,536000,230,10
4.95344e+08,551999,230,10
4.95848e+08,504000,230,10
4.96352e+08,504000,230,10
4.96864e+08,512000,230,10
4.9736e+08,496000,230,10
4.9788e+08,519999,230,10
4.98368e+08,488000,230,10
4.98864e+08,496000,230,10
4.99368e+08,503999,230,10
4.99864e+08,496000,230,10
5.00408e+08,544000,230,9
5.00912e+08,504000,230,10
5.01456e+08,544000,230,9
5.01976e+08,519999,230,10
5.02472e+08,496000,230,10
5.02992e+08,520000,230,10
5.03496e+08,504000,230,10
5.03984e+08,488000,230,10
5.0448e+08,496000,230,10
5.04992e+08,512000,230,10
5.05488e+08,495999,230,10
5.05992e+08,504000,230,10
5.06472e+08,480000,230,10
5.06952e+08,479999,230,10
5.07496e+08,544000,230,10
5.07976e+08,479999,230,10
5.0848e+08,504000,230,10
5.09024e+08,544000,230,9
5.09528e+08,504000,230,10
5.10016e+08,488000,230,10
5.10504e+08,488000,230,10
5.11024e+08,520000,230,9
5.1156e+08,536000,230,9
5.12048e+08,488000,230,10
5.12568e+08,519999,230,10
5.13064e+08,496000,230,10
5.13576e+08,512000,230,10
5.14088e+08,511999,230,10
5.14592e+08,504000,230,9
5.15096e+08,504000,230,8
5.15608e+08,512000,230,10
5.1612e+08,512000,230,9
5.16608e+08,488000,230,10
5.17096e+08,488000,230,10
5.17608e+08,512000,230,10
5.18136e+08,527999,230,10
5.18608e+08,472000,230,10
5.19112e+08,503999,230,10
5.19608e+08,496000,230,10
5.20064e+08,455999,230,10
5.2056e+08,496000,230,10
5.21056e+08,496000,230,10
5.21552e+08,496000,230,10
5.2204e+08,487999,230,10
5.2256e+08,520000,230,10
5.23056e+08,496000,230,10
5.23536e+08,480000,230,10
5.2408e+08,544000,230,10
5.24576e+08,496000,230,10
5.25072e+08,496000,230,10
5.25616e+08,543999,230,9
5.26128e+08,512000,230,10
5.26608e+08,480000,230,9
5.27104e+08,496000,230,10
5.27576e+08,472000,230,9
5.28064e+08,487999,230,10
5.28544e+08,480000,230,10
5.2908e+08,536000,230,10
5.29608e+08,528000,230,9
5.30112e+08,503999,230,9
5.30624e+08,512000,230,9
5.3108e+08,456000,230,10
5.31568e+08,487999,230,10
5.32088e+08,520000,230,10
5.32584e+08,496000,230,10
5.3308e+08,496000,230,9
5.33552e+08,472000,230,9
5.34024e+08,472000,230,10
5.34552e+08,528000,230,9
5.35048e+08,496000,230,10
5.35536e+08,488000,230,10
5.36048e+08,512000,230,10
5.36552e+08,504000,230,10
5.37048e+08,496000,230,10
5.3756e+08,512000,230,10
5.3804e+08,479999,230,10
5.38552e+08,512000,230,10
5.39056e+08,504000,230,10
5.39552e+08,496000,230,10
5.4004e+08,487999,230,9
5.40536e+08,496000,230,10
5.41032e+08,496000,230,9
5.41512e+08,480000,230,8
5.42024e+08,512000,230,10
5.4252e+08,495999,230,10
5.43032e+08,512000,230,9
5.43536e+08,504000,230,9
5.44016e+08,479999,230,10
5.44536e+08,520000,230,10
5.4504e+08,503999,230,10
5.45528e+08,488000,230,10
5.46024e+08,496000,230,10
5.46512e+08,488000,230,10
5.47e+08,488000,230,10
5.47488e+08,488000,230,10
5.47984e+08,496000,230,10
5.48464e+08,480000,230,9
5.4896e+08,496000,230,9
5.49464e+08,504000,230,10
5.49944e+08,479999,230,10
5.50456e+08,512000,230,10
5.50936e+08,480000,230,10
5.51448e+08,511999,230,10
5.51944e+08,496000,230,9
5.5244e+08,496000,230,10
5.52944e+08,503999,230,10
5.53432e+08,488000,230,10
5.53936e+08,504000,230,10
5.54416e+08,480000,230,10
5.54896e+08,479999,230,10
5.55384e+08,488000,230,10
5.5588e+08,495999,230,9
5.56376e+08,496000,230,10
5.56864e+08,488000,230,10
5.57328e+08,463999,230,10
5.57808e+08,480000,230,10
5.58304e+08,496000,230,9
5.58784e+08,480000,230,10
5.59272e+08,488000,230,10
5.59768e+08,496000,230,10
5.60288e+08,520000,230,9
5.60784e+08,495999,230,10
5.61296e+08,512000,230,10
5.618e+08,504000,230,10
5.62272e+08,472000,230,8
5.62776e+08,504000,230,9
5.63288e+08,512000,230,10
5.63792e+08,504000,230,10
5.6428e+08,487999,230,9
5.64776e+08,496000,230,9
5.6528e+08,503999,230,10
5.65768e+08,488000,230,10
5.66296e+08,528000,230,9
5.668e+08,504000,230,10
5.6732e+08,520000,230,10
5.678e+08,480000,230,10
5.68272e+08,472000,230,10
5.6876e+08,487999,230,10
5.6924e+08,480000,230,10
5.69744e+08,504000,230,10
5.7024e+08,496000,230,10
5.7072e+08,480000,230,10
5.712e+08,480000,230,10
5.71688e+08,487999,230,10
5.72184e+08,496000,230,9
5.72688e+08,504000,230,9
5.73184e+08,496000,230,9
5.73688e+08,504000,230,10
5.74208e+08,520000,230,10
5.74728e+08,520000,230,9
5.75224e+08,496000,230,10
5.75752e+08,528000,230,10
5.76248e+08,496000,230,10
5.76744e+08,496000,230,9
5.77232e+08,487999,230,10
5.77736e+08,504000,230,10
5.78224e+08,488000,230,10
5.7872e+08,496000,230,10
5.79208e+08,487999,230,10
5.79688e+08,480000,230,10
5.80168e+08,480000,230,10
5.80672e+08,504000,230,9
5.81168e+08,496000,230,10
5.81696e+08,528000,230,10
5.82208e+08,511999,230,9
5.82712e+08,504000,230,10
5.83224e+08,512000,230,10
5.83696e+08,472000,230,8
5.84216e+08,520000,230,10
5.84712e+08,495999,230,10
5.85232e+08,520000,230,10
5.85744e+08,512000,230,9
5.86232e+08,487999,230,10
5.86744e+08,512000,230,10
5.8724e+08,496000,230,10
5.8772e+08,480000,230,10
5.88208e+08,487999,230,10
5.88704e+08,496000,230,10
5.89192e+08,488000,230,10
5.8968e+08,488000,230,10
5.90152e+08,472000,230,10
5.90648e+08,496000,230,10
5.9112e+08,472000,230,8
5.91624e+08,504000,230,10
5.92112e+08,487999,230,10
5.92616e+08,504000,230,10
5.93128e+08,512000,230,10
5.93672e+08,544000,230,9
5.9416e+08,487999,230,10
5.94672e+08,512000,230,9
5.95184e+08,511999,230,10
5.95688e+08,504000,230,10
5.96208e+08,520000,230,9
5.9672e+08,512000,230,10
5.97256e+08,535999,230,10
5.9772e+08,464000,230,8
5.98232e+08,511999,230,9
5.98728e+08,496000,230,10
5.99224e+08,496000,230,9
5.99768e+08,544000,230,9
6.00296e+08,528000,230,10
6.00848e+08,551999,230,10
6.01384e+08,536000,230,10
6.01904e+08,519999,230,10
6.02448e+08,544000,230,10
6.02968e+08,520000,230,10
6.0344e+08,472000,230,10
6.03896e+08,455999,230,10
6.0428e+08,384000,230,10
6.0472e+08,440000,230,10
6.05064e+08,343999,230,10
6.05432e+08,368000,230,9
6.05736e+08,303999,230,9
6.06032e+08,296000,230,8
6.06304e+08,271999,230,8
6.06544e+08,240000,230,7
6.06792e+08,248000,230,9
6.07048e+08,256000,230,9
6.07312e+08,264000,230,8
6.07544e+08,231999,230,8
6.07776e+08,232000,230,8
6.08024e+08,248000,230,8
6.0828e+08,255999,230,8
6.0852e+08,240000,230,8
6.0876e+08,240000,230,8
6.09008e+08,248000,230,8
6.09272e+08,264000,230,9
6.09528e+08,256000,230,8
6.09808e+08,279999,230,9
6.10056e+08,248000,230,8
6.10336e+08,280000,230,9
6.106e+08,264000,230,8
6.10848e+08,247999,230,8
6.11112e+08,264000,230,8
6.1132e+08,208000,230,8
6.1156e+08,240000,230,8
6.118e+08,240000,230,9
6.1204e+08,239999,230,8
6.12288e+08,248000,230,8
6.12544e+08,255999,230,8
6.128e+08,256000,230,8
6.13072e+08,272000,230,9
6.13312e+08,240000,230,9
6.13584e+08,272000,230,8
6.13816e+08,232000,230,8
6.14096e+08,280000,230,8
6.1436e+08,264000,230,9
6.14616e+08,255999,230,9
6.14864e+08,248000,230,8
6.15128e+08,264000,230,8
6.1536e+08,232000,230,8
6.15616e+08,255999,230,8
6.15864e+08,248000,230,8
6.16104e+08,240000,230,9
6.16344e+08,240000,230,8
6.16568e+08,223999,230,8
6.1684e+08,272000,230,9
6.17104e+08,264000,230,9
6.17344e+08,240000,230,8
6.17584e+08,240000,230,8
6.17832e+08,247999,230,8
6.18096e+08,264000,230,9
6.18336e+08,240000,230,8
6.18576e+08,240000,230,8
6.18832e+08,255999,230,8
6.19088e+08,256000,230,8
6.19336e+08,248000,230,8
6.19592e+08,255999,230,8
6.19856e+08,264000,230,8
6.2012e+08,264000,230,8
6.20368e+08,248000,230,8
6.20648e+08,280000,230,9
6.20872e+08,223999,230,8
6.21152e+08,280000,230,9
6.21408e+08,256000,230,8
6.21656e+08,248000,230,8
6.21928e+08,271999,230,8
6.22192e+08,264000,230,9
6.22424e+08,231999,230,8
6.22696e+08,272000,230,9
6.22952e+08,255999,230,8
6.23208e+08,256000,230,8
6.2344e+08,232000,230,8
6.23688e+08,247999,230,8
6.23936e+08,248000,230,8
6.24224e+08,288000,230,9
6.24488e+08,264000,230,8
6.2472e+08,232000,230,8
6.24976e+08,255999,230,9
6.25208e+08,232000,230,8
6.25456e+08,248000,230,8
6.25712e+08,255999,230,8
6.26008e+08,296000,230,9
6.26272e+08,264000,230,8
6.26552e+08,280000,230,8
6.268e+08,248000,230,9
6.27056e+08,256000,230,8
6.27312e+08,256000,230,8
6.27552e+08,240000,230,8
6.27816e+08,264000,230,8
6.28064e+08,247999,230,8
6.2832e+08,256000,230,9
6.28576e+08,256000,230,8
6.28848e+08,271999,230,8
6.29096e+08,248000,230,8
6.29352e+08,255999,230,8
6.29624e+08,272000,230,8
6.29872e+08,247999,230,8
6.30112e+08,240000,230,9
6.30344e+08,232000,230,8
6.306e+08,256000,230,9
6.30856e+08,255999,230,8
6.31072e+08,216000,230,8
6.3132e+08,248000,230,8
6.3156e+08,240000,230,8
6.31792e+08,232000,230,8
6.32032e+08,240000,230,8
6.32288e+08,256000,230,8
6.32544e+08,255999,230,8
6.328e+08,256000,230,8
6.33032e+08,232000,230,8
6.33288e+08,256000,230,8
6.33568e+08,279999,230,9
6.33784e+08,216000,230,8
6.34024e+08,240000,230,8
6.34264e+08,240000,230,9
6.34496e+08,231999,230,8
6.34744e+08,248000,230,8
6.34984e+08,240000,230,8
6.3524e+08,256000,230,8
6.35496e+08,255999,230,8
6.35752e+08,256000,230,8
6.36e+08,248000,230,8
6.36256e+08,255999,230,8
6.36504e+08,248000,230,9
6.36792e+08,288000,230,9
6.37048e+08,256000,230,9
6.37288e+08,240000,230,8
6.37512e+08,224000,230,8
6.3776e+08,247999,230,8
6.37968e+08,208000,230,8
6.38256e+08,288000,230,9
6.38496e+08,240000,230,8
6.3876e+08,264000,230,8
6.38976e+08,216000,230,8
6.39304e+08,328000,230,9
6.39568e+08,264000,230,9
6.39816e+08,248000,230,8
6.4008e+08,264000,230,8
6.40328e+08,247999,230,8
6.40552e+08,224000,230,8
6.40832e+08,279999,230,8
6.41088e+08,256000,230,8
6.41336e+08,248000,230,8
6.41424e+08,87999,230,8
6.41424e+08,0,230,5
